epoch,time,train/box_loss,train/cls_loss,train/dfl_loss,metrics/precision(B),metrics/recall(B),metrics/mAP50(B),metrics/mAP50-95(B),val/box_loss,val/cls_loss,val/dfl_loss,lr/pg0,lr/pg1,lr/pg2
1,12509.5,1.67099,0.53787,1.44713,0.84462,0.65676,0.74974,0.36587,1.80889,0.45294,1.40645,0.0669099,0.000233264,0.000233264
2,18730.3,1.56669,0.46254,1.3855,0.86332,0.69058,0.77836,0.40985,1.64816,0.40059,1.34637,0.0338094,0.000466141,0.000466141
3,25012.9,1.52672,0.43496,1.36256,0.87178,0.71172,0.78821,0.40873,1.62211,0.35733,1.33569,0.000707157,0.000697198,0.000697198
4,34070,1.4951,0.41732,1.33677,0.86256,0.73269,0.80879,0.45472,1.52085,0.34347,1.26194,0.000693863,0.000693863,0.000693863
5,42927.3,1.46679,0.39757,1.31843,0.87346,0.73735,0.81664,0.46289,1.47974,0.33089,1.23686,0.000689114,0.000689114,0.000689114
6,55327.9,1.43098,0.3834,1.29455,0.86932,0.75454,0.82926,0.48193,1.40689,0.31134,1.21038,0.000683041,0.000683041,0.000683041
